cnt,writer,date,url,title,content,ocr_data,comments_cnt,empathy_cnt,writer_reviews_cnt,blog_is_promotional
1,독기,2022. 8. 18. 19:05,https://blog.naver.com/dkstarss/222851900716,[내 생각] 100일 독서리뷰 복기-Day43,[내생각]100일독서리뷰복기-Day431.마흔세번째날2.사업은나만잘해서는절대성공할수없음을다시금배워요.3.인간관계가가장중요하지요4.다른사람에게주는것에대해계산기로두드려가며주었고받을생각까지했어요.제가잘못생각했어요.5.인간관계는계산되지않는다는걸다시한번배워요.23년7월말까지500권독서(인간관계/대화/심리)완료23년10월말까지액기스노트1권출판23년말까지순연봉7200만월600만가진다.1천억원45세까지가진다(인간관계/대화/심리/부동산/주식/사업/건강/운동)2만권독서리뷰150세까지해낸다.3대50020세건강외모150세까지유지한다.행복가정150세까지유지한다.할수있다.https://m.blog.naver.com/dkstarss/222436768758,,,7,766,0
2,숭니,2022. 8. 18. 19:05,https://blog.naver.com/pppop22/222851900715,"[남해 2박3일 🌊] 2일차 : 램스하우스, 독일마을, 썬앤문펜션 바베큐","[남해2박3일🌊]2일차:램스하우스,독일마을,썬앤문펜션바베큐남해2박3일🌊:2일차램스하우스,독일마을,썬앤문펜션바베큐📍램스하우스/경상남도남해군삼동면동부대로10781동램스하우스⏱매일11시-21시/15시-17시브레이크타임보리암에이어다랭이마을까지둘러보니,이미걸음수는1만5천보를향해가고있었다..!우리차타고다녔는데,왜이러는거니..!!!심지어오후3시도안된시간이었음..많은활동량에허기가진우리자매들은맛집을찾아나섰다.네이버지도의힘을빌려찾은맛집#램스하우스!!!남해에서양고기라니,생각지도못한요상한조합이지만,평점도좋고리뷰들도좋고,넷다해산물을그리잘먹진않아서레스토랑이라는말에냅다달려갔다.다랭이마을에서차로20분정도걸렸던것같다.램스하우스는3시부터4시30분까지브레이크타임을가진다.우리의도착예정시간은3시였다.마음이급했지만안전운전을하며이동했다!전화했을때,사장님께서웨이팅이있을수도있다고하셨다.도착하고보니,실제로웨이팅이있었고우린4번째대기순이었다.테이블링앱을사용하는레스토랑이어서기다리는건편했다.그치만배가고파서좀힘들었다ㅠ..먹순이들답게언니랑나는인터넷을뒤져가면서램스하우스메뉴들을검색했다.그리고매장에들어가기도전에메뉴선택완료ㅎㅋㅎㅋㅎㅋㅎㅋ양고기가들어간로제파스타와목살스테이크,양고기피자를주문했다.넷이서먹기에충분한양이었다.그리고완전맛있었다!!우리모두가많이배고픈상태였던것도있지만,기본적으로맛있기로꽤입소문이난곳이었기에더맛있게먹었던것같다.특히목살스테이크ㅠㅠ진짜맛있었다.입에서살살녹았다.솔직히기대안하고먹었는데,너무맛있어서감동이었다..또먹고싶네🤤📍보물섬유자빵/경남남해군삼동면독일로16램스하우스에서맛있는점심식사를마친후,#독일마을로향해갔다.원래는다음날에방문하기로예정이되어있었는데,생각보다빠르게보리암과다랭이마을을다녀와서독일마을까지가기로일정을변경했다.그리고독일마을가는길목에서발견한유자빵집!!남해는#유자빵이유명하다.유명하다는데그냥넘어갈수가있나욘,,?(이해불가)당욘히들렸고,당욘히10박스사들고나왔슴다ㅎㅋㅎㅋㅎㅋㅎㅋ사실지역의명물빵이다거기서거기였던과거의경험탓에,큰기대조차하지않았는데생각보다맛있어서놀랐다!진짜맛있었다.유자를그리좋아하지않는나도정말맛있게먹었다.유자와레몬이섞인듯한느낌이었는데,진짜맛있었다..남해여행가시는분들유자빵꼭사드셔봐유~~끙차끙차#독일마을로향해올라가봅시다잉~📍남해독일마을/경남남해군삼동면물건리1074-2#남해독일마을도착~!!주차장시설이잘되어있어서주차하기편리했다.다만아쉬운건,주차장과상가의거리가꽤되어서ㅠㅠ물건을들고올라올때쫌힘들었다.그거빼곤다좋음~~!독일마을의풍경.주황색의뾰족한지붕들이인상적이다.실제로독일로파견근무를가셨던분들이거주하고계신다고한다.뭔가영어마을같다는느낌도들지만,여튼이국적이고신기했다.바로앞의바다도함께보인다!사진스팟찾아서사진도찍어줬다.흐흐.관광객들이많은데,다같이옷을맞춰입고사진을찍으셨다.귀여우셔라독일마을곳곳의모습들.꽤나눈요깃감이된다.이런데오면꼭관광기념품샵들러서뭐하나라도들고나와야한다.특히마그넷!!!!이모,엄마,나열심히기념품샵을구경하다가모자를깔별로하나씩건졌다.마..이럴때만합심이잘된다.대체독일마을가서모자를왜샀는지는이유를모르겠으나,예쁘니까장땡아닌가유?ㅋㅎㅋㅎㅋㅎㅋㅎ다시,썬앤문펜션으로돌아와서~해산물을잘못먹어마지막저녁에는바베큐를먹기로했다!고기너무좋아~근처에농협하나로마트가있어서삼겹살과목살을사고비빔면등의곁들임음식들도함께구매했다.이런건빠지믄섭하지〰️된찌까지크흐~넷다술은잘못하는편이라서술은구매하지않았다.그치만술없이도잘놀수있는걸~나는알콜프리분위기에취해~🥴🍻밤에는#은모래비치산책을했다.찰싹찰싹조용히들리는파도소리와깨끗한해변의모습이너무예뻤다.더운여름에와서휴가를보내도좋았을것같다는생각이들었다.또가고싶넹ㅎㅎ그럼2일차끝ㅌ!!",,2,4,238,0
3,꽁양사,2022. 8. 18. 19:05,https://blog.naver.com/rudal1324/222851900487,나이트레이스 인 부산 2022 한밤 중 러닝 참여 후기,"나이트레이스인부산2022한밤중러닝참여후기안녕하세요꽁양사입니다:-)제오랜버킷리스트였던나이트레이스,올해드디어참여하구후기를작성해보려고합니다.내년에참여하는분들께도움이되길바라면서리뷰스타뚜💙2022나이트레이스부산✔️7/6오후4시예매시작✔️8/6오후6시나이트레이스시작나이트레이스예매는약한달전에하는거같으니참고해주세요⭐️yes24티켓사이트에서예매하였구16시땡되자마자사이트에들어갔는데잘못눌러서뒤로가기가되버리면서16시4분에접속해서캡처한사진이에요대기인원500명이상에서줄어드는게보이는데예매안될까봐어찌나쫄이던징,,티켓1인4만원이구예매수수료1천원포함해서2명81,000원에예매성공🫶같이예매도전하던친구는실패하구제가다행히성공했습니당참가하면서티셔츠사이즈선택하면되는데저희는85사이즈로두장선택했어요.참여할때주는티셔츠와쿨링타올,힙색,번호판까지참여하는5일전에잘도착했어요^__^완전설레였음둥🙈🙈나이트레이스티셔츠입구양말까지신었는데어딘가허전하쥬.그럴때붙이라고타투스티커도주십니당다꾸하듯이몸을꾸며봅니다몸꾸ㅎㅎ🤭❤️어디붙일지각을딱잡구붙였다떼면요렇게타투완성🙈생각보다잘붙고선명해서엄청귀엽고이뻐요이렇게찍으려고타투해갔는데아주요긴했습니당여기저기붙이다보면중독성쩔쥬.광안리나이트레이스일정을보면이렇게되어있어요그래서6시30분이후로가도되서천천히공연도즐기시고컨디션도아껴두시는걸추천할게용!도착했을때가19:23이였구공연이한참뜨겁게진행중이더라고요~~신나는노래엄청나오고다들뛰고난리났었어요ㅋㅋㅋㅋㅋ해변가를거닐면서돌아다니다보면드론쇼도하구요~볼거리가엄청다양해요:0펭뚜여한없이보던날ㅎㅎ내년에도광안리드론쇼는하지않을까요펭수생축🫶너무커엽..그렇게9시가되고나이트레이스시작지점!광안리해수욕장앞출발➡️남천해변공원➡️남천비치조깅로➡️광안해변로➡️도시가스교차로➡️광안대교진입➡️광안대교➡️벡스코요금소➡️벡스코앞도로골인지점아빠가데려온귀여미애기도뛰고있었음보는순간심멎💘출발지점오른쪽에호텔에계시던투숙객분이노래에맞춰서춤을겁나추시면서우리응원하는데진짜파워E시구나생각함ㅋㅋㅋㅋㅋㅋ조련하시는모습이넘나능숙ㅋㅋㅋㅋㅋㅋㅋ덕분에웃겨죽을뻔해땅남천비치조깅로쯤에서주던물한잔!지금안먹으면물없어요~~~하셔서마셨는데진짜그다음구간부터물없으니까꼭드시길추천합니다안먹으면진짜후회하실겁니다(근엄진지)지금내프사인광안대교사진보라보라한광안대교걸으면서보니왜이리기분이좋냥ㅜㅠㅠㅠ나너무행복해ㅜㅠ이러면서걸어다녔당파란행렬은계속되었고와중에뛰는분들도많으셨지만거의걷기대회였음ㅋㅋㅋ여기도클럽노래나오고춤추고난리나는곳,,디제이로추정되시는분이분위기를달궈주신당7키로미터를걷는나이트레이스는안전하게진행되기위해진행요원들이곳곳에계시고구급차도다니고있음대교에올라오니“당신은소중한사람입니다”멘트계속흘러나오는데신기했다잊지못할광안대교에서사진도남기고다들신나는그분위기가너무좋았음💜보랏빛광안대교도너무이뻐탈수직전까지걷고또걷다보면어느새벡스코!여기는다칠수도있어서기념사진은촬영못하게했고안전이최우선인나이트레이스라서더욱좋았당메달도주셔서나이트레이스완주한기분제대로내주심ㅎㅎㅎ아잉행복해에너지드링크야무지게챙기고우린체력이방전이되어버렸다ㅠedm파티한다해서벡스코까지기분좋게걸어갔는데안한다고귀가하라고했다아마도코로나확진자가너무나와서가아닐까생각했음나이트레이스참가자들이우르르쏟아지는시간에는택시전쟁이따로없었음..ㅠㅠ택시잡으려고걸어다녀도못잡고콜택시도아무리금액을올려도안오심ㅜㅋㅋ그렇게수영쪽으로걷고또걸어잡은택시를타고친구집으로총총곰표맥주와짭짤한국물이땡겼던우리는컵라면을사서컴백~초딩때부터친구인우리가나이트레이스를다녀와서마녀사냥을보며맥주를까고있는우리가너무웃겼다워치기록을보니까8키로를걸었고걸음은2만보가안되었다뭐지?ㅋㅋㅋㅋ이렇게다녀오고우린일요일을하루종일잠만자다가고기를먹고단백질보충하고주말을알차게빠이빠이했다나이트레이스처음가봐서너무설레었는데많은사람들과같은옷을입고같은장소를걷는건뿌듯하고재밌는일이구나느꼈던날이었다기회가되면마라톤도참가해보고싶어진이번나이트레이스는내년에도참가해보고싶다약간한마디로정리하면나이트레이스는엄청신나는노래가나오는레일바이크내리막길구간?같은곳이었다그만큼나에게존잼🫶기회가된다면내년에도보자광안리~*^^#나이트레이스#나이트레이스인부산#부산여행#부산광안리#광안리#나이트레이스옷#나이트레이스후기",,1,6,60,1
4,Hailey,2022. 8. 18. 19:04,https://blog.naver.com/peppermint7825/222851899907,"아이폰13프로맥스 시에라블루, 아이폰14 출시가 코앞이지만...","아이폰13프로맥스시에라블루,아이폰14출시가코앞이지만...잇님들안녕하세요!오늘의리뷰,오늘하밍이의포스팅은바로아이폰13프로맥스시에라블루색상입니다.내돈내산은아니고남친돈남친산이지만제손에들어온이상제블로그에리뷰를올릴권리를얻었는데요.아이폰13프로쓰고있다더니왜아이폰13프로맥스로굳이!아이폰14가곧출시되는데!사이즈만더커진친구를새로쓰는거냐!하신다면그이유는몇가지가있습니다.첫번째로,충전단자의문제입니다.C타입으로교체하라는권고에도꿋꿋이아이폰에만라이트닝케이블을유지하는애플이지만,이번에는그래도눈치보면서라도아이폰14에는C타입단자를넣어주지않을까기대를했습니다.하지만믿을놈을믿어야지..이번아이폰14에서도라이트닝케이블을유지한다는말이들려왔고,끝끝내아이폰15에나C타입단자가들어가겠군하는생각이들어아이폰14는자연스럽게패스.소모품판매로뽕을끝까지뽑아먹겠다는이악질적인마인드에치가떨립니다.부들부들.두번째로,가격의문제입니다.아이폰14의예상가격을보니..그냥맥북가격이더라구요.출시전까지는다루머고확실하진않다쳐도요즘은삼성이고애플이고간에'유출'이라는이름으로은근슬쩍자기네정보들을흘리는모습들이보이기때문에출시일이다가오는지금즈음에도는찌라시는사실상거진확실하다고판단하는편입니다.C타입도아니고,그렇다고뭐가크게변화되는것도없는모델이그가격이라면절대안바꾸겠죠.물론아이폰13프로맥스를선물로받지않았다면아이폰13프로를계속썼을테니저한텐크게해당사항이없는이야기이긴합니다.하지만아이폰14에C타입이달려나올지도모른다는희망으로오래된아이폰을쓰는사람이라면그가격을주고아이폰14로넘어갈필요성이떨어지겠죠?그런분들은지금이라도아이폰13라인업을노리는걸추천합니다.출시일이전에쿠팡이나11번가등에서특급세일이풀릴확률이만땅..세번째로,이건개인적인이야기입니다.남자친구는갤럭시s22+를쓰고있습니다.삼성.갤럭시s22시리즈.gos문제등...다양한악재와문제가겹겹이찾아왔고휴대폰성능자체가나쁘고.배터리는광탈에,사실상플래그쉽모델이기에덱스가된다는것빼곤보급형이가성비면에서더좋은상황.특히갤럭시s22시리즈의플리커현상때문에남자친구는눈의통증을지속적으로호소했습니다.그리고남자친구네회사에서는주로맥기반의환경을사용하고있다고하더라구요.그래서누나가쓰던아이폰13프로를나에게주고,대신아이폰13프로맥스를사주겠다.라는딜을제시합니다.딜!그래서제손에들어온..하지만사진은대부분남자친구가찍어준사진인아이폰13프로맥스.기존에쓰던아이폰13프로는그래파이트색상이었지만이번엔제취향을십분반영해서시에라블루로결정!시에라블루색상이보다보면질릴색상이라고처음엔판단했었는데,아직까지도이쁘다란생각이드는거보니절대질리진않을것같았어요.실제로투명케이스를씌워놓으니이래이쁠수가없습니다.갑자기사진의퀄리티가올라갔다고느끼신다면정상입니다.남자친구의손길이닿아카메라가마사지를받아이쁘게나오는모습을지켜보며와...사진다쟤더러찍으라할까하는비도덕적인생각도해봅니다.아이폰13프로맥스는사이즈도무게도크다.그냥크다.라는말을들었기에프로를선택했었지만,실제매장에서잡아보았을땐제손에딱맞는사이즈와무게였거든요.어느정도의묵직함이있어야지휴대폰을들고있다는느낌도들고,사이즈도아이폰13프로는제손에는다소작은느낌이들었었는데아이폰13프로맥스는찰떡같습니다.사진으로이시에라블루색상의영롱함을담기에는너무힘듭니다.심지어박스색깔도약간퍼플스럽게나왔지만,시에라블루맞습니다.이박스를뜯기전까지야그냥아이폰13프로나쓸게;이거너무비싸;아냐누나얼른뜯어아니근데너무비싼데;아냐누나얼른뜯어의실랑이가이어진건비밀입니다.실랑이끝에덜덜떨리는손으로드디어박스를뜯고...개봉...시에라블루의영롱한색감이느껴지십니까?빛이받는대로색이다르게보이는이오묘한색감!이렇게보면마치회색과시에라블루의그라데이션색깔인것같기도해보여요.빛이받는방향이나양에따라색이오묘하게달라보입니다.극악이라는저카메라섬은사실전좋아하는편이에요.카툭튀가심하다고는하지만저카툭튀가오히려아이러니하게아날로그함을주는기분.인덕션같다는말도물론공감하지만뒷판에서돌출되어있는모습이저에겐무척아날로그그자체로다가옵니다.카툭튀가엄청나죠?이게매력입니다.정말이에요.휴대폰을꺼내면보이는간단한구성품입니다.라이트닝케이블이바로보이는데예전에돼지코를주던시절이은근그립습니다.괜히정품이정품이아니다싶은퀄리티..지만이걸따로사면가격이흉악해요.애플놈들..악세사리로장난질치지마라...C타입으로어서바꿔...휴대폰앞면의종이를샤르륵벗기면드러나는아이폰13프로맥스의자태...사실이렇게보면크게사이즈가늠이잘안되긴할것같아요.실물로보면와진짜크다소리가나오긴하지만,그렇다고갤럭시s22울트라만큼막헉!하는느낌이안들고옹골차게딴딴한느낌을주잖아요?아닌가요?아닌가요?옆면의블링블링함.폰을켜봅니다.이걸찍기위해한명은사진기를들고대기.한명은전원버튼을누르고후다닥도망가기.절묘한타이밍을위해두명이달라붙어찍은사과화면입니다.안녕하세요그래안녕하다아이폰13프로맥스친구야...애플이C타입단자를붙이고나올때까지나와마르고닳도록함께해야만할것이야..그리고남자친구의이제는보내줄갤럭시s22+와아이폰13프로맥스의사이즈를막간을이용해비교해보았습니다.아래사진은아이폰13프로로찍었습니다.길이는비슷해보이지만폭이살짝더아이폰이넓은느낌입니다.이렇게비교하면아이폰13프로맥스가그리큰것도아니죠?그런데신기하게휴대폰을쥐었을때엔더크다는느낌을줍니다.무게가무거워서라기보단화면이더넓게느껴져요.이포스팅이1주일이나묵었단게들켰습니다.갤럭시s22+에서아이폰13프로로넘어온남자친구와아이폰13프로에서아이폰13프로맥스로넘어온하밍이.우리는아이폰커플이되었습니다.그리고삼성..안녕!!!애플페이를현대카드에서가지고들어온다하니현대카드너만믿는다!!!!이자리를빌어이비싼놈을사준남자친구에게감사를표합니다...아무리아이폰13프로를받아가고갤럭시s22+를파는돈으로메꾼다고해도...그렇지...이제우리인생에갤럭시는없어..!이번갤럭시폴드4가잘나왔다곤하지만기존에비해잘나온거일뿐...이제C타입단자가붙어나올아이폰만기다리며마르고닳도록너만아껴줄게...오늘의포스팅도읽어주신분들에게모두감사드립니다!",,23,19,30,0
5,코딩 컴퓨터 it,2022. 8. 18. 19:04,https://blog.naver.com/mgdon0430/222851900009,휴대폰 데이터 복구 포기하지 않았어요,"휴대폰데이터복구포기하지않았어요휴대폰데이터복구포기하지않았어요어릴때는신형스마트폰이나올때마다핸드폰을바꾸고는했었는데요,나이가들면서이제는전자기기자체에관심도없어지고편한것을찾게되다보니웬만큼고장나지만않는다면약정기간이한참지나도손에익은것을계속사용하게되더라고요.그런데사용한지1년반정도된갤럭시노트10을아스팔트에떨어트려메인보드가고장나는대참사가발생하게되었습니다.폰을안바꾼지오래된만큼업무할때필요한중요한정보가전부들어있었기때문에기기교체는생각도하지않고‘무조건살려야된다.’는마음뿐이었습니다.워낙갑작스럽게닥친일이라폰을미리백업해두지않았다는사실에정말절망스러웠습니다.급하게인터넷을뒤져보고주변지인들에게도물어봤지만,하나같이안에있는자료들은건질수없다는말뿐이었습니다.as센터도방문해봤지만메인보드가고장났기때문에복원은어려울거라고이야기해주시더라고요.그래서공식센터는고사하고,휴대폰데이터복구가가능한전문점을찾아보기시작했습니다.이번에자료복원할수있는곳을찾아보다가이런곳들이꽤많이있다는걸처음알았습니다.저는그중에서도첫째,직접수리를받으신분들의리뷰가좋은곳그리고둘째,자료복원을전문적으로진행하는곳으로결정을했습니다.가장중요한마지막셋째,이곳은혹여라도자료복원에실패할경우에는비용이발생하지않는다는점이선택에가장큰영향을주었습니다.기본착수비만해도적으면5만원,많으면10만원까지도발생한다고했던곳도많았기때문에더꼼꼼하게알아보았고,제가선택한휴대폰데이터복구센터가왜리뷰가많은지알만한부분이었습니다.단,이곳은이미타회사에서실패했던건에대해서는2배의비용이발생한다고하셨습니다.그렇기때문에이곳은저처럼핸드폰에중요한정보가많은데메인보드나다른파손으로인해난감한사람들에게한줄기빛과같은곳이었습니다.예약전전화로현재제기기의상황을말씀드리고수리가가능할지여쭤봤습니다.일단제폰의상태가어떤지직접눈으로봐야정확히알수있다고말씀하셔서주소를찾아바로택시를타고출발했답니다.불안한마음으로다망가진폰을내밀었는데사장님에게서돌아온대답은‘가능할것같습니다.’였습니다.아,순간얼마나다행이라고생각했는지모르겠습니다.심지어방법도아주간단했습니다.고장난제핸드폰의메인보드만드리면되는거였습니다.기기는제가가지고있어도되기때문에일단as센터에서새로운걸로교체하고복원이필요한물건은이곳으로가져다드렸습니다.원하는자료항목을적어내고접수를마친후예상시간에대한설명을들었습니다.제메인보드의경우파손의정도는심하지만,뇌의역할을하는부품은크게다치지않았기때문에3일정도걸릴수있다고말씀해주셨습니다.업무적으로중요한정보가있으니일주일이걸려도좋다고생각했기때문에복원만돼도좋겠다고말씀드렸죠.핸드폰안에있는모든정보가저에게는너무나도중요한정보들이었습니다.연락처부터거래처와주고받은문자메시지,카카오톡대화,사진,동영상,음성녹음등전부요.우선새메인보드를장착한핸드폰을사용하기로하고간절한하루하루를보내고있었는데요,딱4일만에연락을받았습니다.모든자료를성공적으로획득했으니방문해달라는연락이었습니다.1분이라도빨리받고싶은마음에당장당일에예약을잡고달려갔습니다.방문하자마자살려진정보를확인하고안도의한숨을쉬었습니다.정말거짓말같게도살리길원하던자료들이전부복원되어있었어요.공식as센터에서불가능하다는말을듣고거의반포기상태였었는데이렇게모든자료를다시살려낼수있어서너무다행이었습니다.사장님께여쭤보니이곳은포렌식기법을사용하여자료들을복원하신다고해요.저도단어는많이들어봤는데실제로이기법을사용해제가도움을받으니신기했습니다.이렇게복원된사진이나메시지,연락처등은그대로폰에다시옮길수있는것은아니고USB에따로저장해주시는시스템입니다.휴대폰데이터복구는가격만보고결정했다가는살릴수있었던것도못살리고그대로잃는경우가은근히많다고합니다.그러니자료복원이필요하신분들은처음부터실력이좋은곳을선택하는것이더많은정보를살려낼수있는방법이라고생각합니다.폰고장으로크게한번데인이후에는중요한자료들은이곳저곳백업도해두고,이메일에까지이중으로저장을해두고있답니다.핸드폰을소중하게잘사용하는게최고긴하지만혹시라도저처럼휴대폰데이터복구때문에전문점을찾고있는분들이계신다면제글이조금이나마도움이되었으면좋겠습니다.모두가No를외칠때유일하게Yes를외쳐준곳이니까요.이건사장님께서추가로주신팁인데요,만약핸드폰이고장나전원이꺼진상태라면최대한빠르게전문센터로찾아가야데이터복구에성공할확률이높아진다고합니다.정확하지않은정보로이것저것만지다가는오히려더망가질수있으니고장이난그상태그대로가져오라며팁도주셨답니다.이곳은스마트폰부터시작해서컴퓨터,외장하드등등다른기기들도해결해주고계시더라고요.그많은곳들중리뷰가많은이유를다시한번체감했습니다.혹시나거리가먼분들도직접방문외에택배로도작업이가능하다고하니참고하시면좋을것같습니다.",행정복지센터테니스장PP대전지방법원스타벅천안지원P₩203신한은행P대전지방검찰청청수4로공영천안지청201202청수14로천안세무서메가MGC커피W우리은행402할리스CCCC404403이디야커피동천안우체국던킨NAVER지구동원빌딩처다40스차이아파트405,,0,374,0
6,yubnub,2022. 8. 18. 19:04,https://blog.naver.com/yubnub/222851900217,반다이 생물대도감 알락하늘소 리뷰,"반다이생물대도감알락하늘소리뷰사슴벌레4탄에들어간놈입니다유광으로도색된겉날개턱가동배밑을도색한건첨보네요맨왼쪽이하늘소전용날개날개는중형,대형도아닌소형으로이번에하늘소를위해전용제작된것같습니다날개를붙히는걸그다지좋아하지않아서패스+날개들어가는부분이뻑뻑몸이가벼워서그런지포즈가잘잡힙니다더듬이가동도좋네요ㅌㅌ뇌물바치는하늘소얼굴이꽤귀엽습니다살려줘...포즈가동이뛰어나다는걸보여주는포즈잡혀버린듯한포즈생각보다괜찮았네요10/7점",,7,23,22,0
7,흙의 소리,2022. 8. 18. 19:04,https://blog.naver.com/jhcho2323/222851900330,실무면접 후기,"실무면접후기#건설사#토목직#토목공사#실무면접#면접#후기#면접후기#현장직#시공직#토목시공#토목공사©geralt,출처Pixabay면접관님이난처하실수도있어서실제사명과면접에서언급된회사내용은거론하지않겠습니다.면접관님께서편한한분위기로맞이해주셔서편한마음으로면접볼수있었습니다.면접관님과1:1면접이였고추후임원면접이진행된다하였습니다.대표적인질문들몇개만추리고그에대한대답,리뷰까지해보겠습니다.면접은40분간진행되었으며상당부분생략해서문제가되지않을질의응답중타건설사에서도나올법한질문만추려봤습니다.1.공백기에대한우회질문-공백기는면접자가상당히부담스러워하는부분인것을인지하셧는지연도순으로나누어세부질문을통해답변을받으셨고해당내용을듣고제이력서에요약해서메모하였습니다.=>해당상황에서는연도순으로짧게짧게팩트만말씀했어야했는데너무장황하게풀어내다보니순서도엉망이되었습니다.독자분들은빨리눈치채시고""[00년도~00년도까지,00년도00개월]동안[00활동(성과도요약)]했습니다.""로짧게짧게해야면접관님이편안해하십니다.만약감점이있다면장황한설명이원인이될것같습니다.2.주변인맥-혹시건설업계에있는친구,선후배가있는가?어느건설사인가?,그사람들은본인직업에만족하는가?연락가능한선배들이있는가?1)건설업계에있는친구,선후배가있는가?어느건설사인가?-1군건설사2명,2군1명이라대답=>그냥팩트대로말하였습니다.2군1명은회사명이생각안나서한참고민했는데결국말하지못했습니다.2)그사람들은본인직업에만족하는가?-만족도가높다고말함.면접을앞두고통화했을때도본인들은좋다고말함.(한명은공공기관을합격했지만포기하고입사함)=>이것도단답식으로끝났습니다.3)연락가능한선배들이있는가?-2년전까지연락이되었으나현재는소원해짐.=>이질문을2번이나했는데좀더디테일하게말해야했습니다.사실연락이안된게제가연락을안받았던것이였습니다.연구과제담당교수님,졸업논문지도교수님,연구실박사선배님,설계사선배님,그리고1군2군건설사선배님들까지일년동안한번은잘지내냐고문자가왔었는데바보같았네요..현업을하며도움을받을만한소스들를물어본것인데핀트를놓쳐버린게너무아쉽네요.3.공사직무관련-지방근무,본사or현장,공사or공무1)지방근무가능한가?-당연히yes,잘곳만있으면된다고함.=>특별한반응없음.2)본사or현장-토목을하기위해선현장이가장중요하다고어필,현장경험없는설계,감리,CM다의미없다고함.토목은경험산업인만큼무엇을하든현장이가장값지다고함.=>많이공감하고좋아함.본인도현장8년구르다최근에공무파트로감.3)현장배치후공사or공무-공사와공무를대략적으로만알고있어서여기서한번막힘.어영부영공사경험이없이공무를못할것이라말함.=>무조건공사라고했야야함.공무는말그대로서류작업이메인인데콘크리트타설조차모르면서공무를한다는게논리에안맞음.""이분야를잘모르는것같은데...""라는말을들어서속상했음ㅠ.거기덧붙여서면접관님이어떤특징들인지잘설명해줌.총후기40분이나했지만머리에남는게정말없네요.틈틈히메모까지하면서진행했는데올릴만한걸추리니진짜몇개없네요..(나머지는구질구질개인사입니다.)토목업계로들어오실분들은너무겉만보고판단하지않으셧으면합니다.물론규모,실적부분에포커싱을하신다면할말없지만저는면접보러가서더마음에쏙들었거든요.그리고현직자인터뷰할수있다면미리미리알아두세요.(너무쪽팔려서못하시겠으면건설워커,사람인,잡코리아등채용사이트질문게시판을도배해서라도요)오늘면접보고회사마인드,추구점,처우등이너무좋아서꼭가겠다는확신이생겼습니다.",jobiNTERVIEW,,0,11,0
8,vaper j,2022. 8. 18. 19:03,https://blog.naver.com/vaperj/222851899268,"스톰 리퀴드 레드드래곤 스톰 액상 [양지리전자담배, 오남리전자담배, 진접전자담배, 장현전자담배, 오남전자담배, 오남역]","스톰리퀴드레드드래곤스톰액상[양지리전자담배,오남리전자담배,진접전자담배,장현전자담배,오남전자담배,오남역]안녕하세요오남읍전자담배베이퍼J입니다~^^베이퍼J에는고객님들을위한휴게시설과음료가준비되어있습니다!카페처럼편하게잠시쉬어가셔도언제든환영입니다♥베이퍼J에서제공되는상담과음료는무료입니다~^^편하게연락주시면언제든친절하게상담도와드리겠습니다!!Tel.010-5944-9922KAKAO.ID:VAPERJ<베이퍼J영업시간>평일AM10:30-PM10:00주말AM11:00-PM9:30연중무휴안녕하시렵니까?!벌써목요일이됐네요ㅎㅎ하루만더버티면꿀같은주말이!오늘은평소와다르게연애의참견을보면서포스팅하고있습니다~그렇다고리뷰를대충쓰는것이아니라는점여러분들도알고계시겠죠!?오랜만에스톰리퀴드시리즈액상을들고와봤습니다ㅎㅎㅎ오늘은스톰리퀴드의레드드래곤스톰이라는액상을리뷰해볼건데요~이름만들으면무슨맛인지전혀알수가없네요,,여러분들도어떤맛인지궁금하시죠?!그래서!제가대신베이핑해드렸습니다ㅎㅎ그럼제가직접시연해본후기지금알려드리겠습니다!스톰리퀴드<레드드래곤스톰>액상스톰리퀴드레드드래곤스톰은바로바로용과+수박액상입니다!용과베이스에달달한수박을섞어맛으로표현한액상인데요~용과와수박이어울릴까?라는생각이들었는데그생각을깨버리는액상이었던것같아요ㅋㅋㅋ들숨에상큼한용과맛이,날숨에달달한수박맛이조화를이루고있습니닷전체적으로달달한편입니다!입에남는은은한단맛이있어액상을두번즐기실수있어요bb그린드래곤스톰액상과는다른느낌의밸런스가있어계속손이가더라구요ㅋㅋㅋ스톰리퀴드<레드드래곤스톰>액상쿨링감은평균입니다!쿨링감을선호하는저로써는있는건가싶지만베이핑을하면할수록쿨링감이올라가더라구요~목긁음도없습니다연기가부드럽게목으로넘어갑니다ㅎㅎ스톰시리즈액상들은맛표현이나밸런스가좋아사람들에게꾸준히사랑을받고있는데요~저역시스톰시리즈를몇통비웠던전적이있네요돈이여유가생긴다면레드드래곤스톰액상도꼭한통사보고싶다는생각이들었어요bb신비한조합을베이핑해보고싶으신분들이나강한멘솔을선호하시지않는분들께강력추천드리고싶은액상입니다아저희베이퍼제이는시연도가능하니편하게방문하셔서시연해보고가세요오스톰리퀴드<레드드래곤스톰>액상스톰리퀴드다른시리즈액상대량준비되어있습니다~!수박과용과의신비한조합액상스톰리퀴드레드드래곤스톰액상저희베이퍼제이로편하게구경오세요~~^^저희vaperjshop주소는주소:경기도남양주시오남읍진건오남로880오남역에서오남리방면약500미터에위치해있습니다차로1분거리도보로7분거리에위치해있습니다양지리청풍면옥바로옆에있습니다버스정류장(성호아파트.양지아파트.극동아파트입구)에바로붙어있어요주차는사진에보이시는것처럼아주~아주~넓고~편한~주차가능합니다넓고편한주차장편하게무료로이용하세용!만약글을보셔도찾아오는길을잘모르시겠다면언제든지편하게전화주세요^^항상친절하고신속하게도와드리도록하겠습니다!기타문의사항도언제든지편하게전화/문자/카톡주세요!베이퍼J연락처:01059449922카카오톡ID:vaperJ연중무휴평일AM.10:00~PM.10:00주말AM.11:00~PM.09:30영업시간안에방문이어려우실경우언제든부담없이편하게연락주시면영업종료이후에도고객님을기다리고있겠습니다!!!^^#오남읍전자담배#오남#오남리전자담배#양지리전자담배#진접#장현전자담배#진접전자담배#전자담배#진접지구#전담#액상추천#전담추천#양지전자담배#별내#별내동전자담배#남양주전자담배#오남전자담배#오남리#양지리#오남읍#별내전자담배#장현#진건#진접읍전자담배#베이퍼제이#진접장현전자담배#오남역#스톰리퀴드액상#스톰리퀴드레드드래곤스톰#레드드래곤스톰액상",VAPERJ010-5944-9922전자담배,,10,803,0
9,SunshineJennifer Ryu,2022. 8. 18. 19:03,https://blog.naver.com/morningstar_sunghyun/222851899444,강원도_원주_ 독채_렌트_에어비앤비_독채굿_!침대방4개_1인1방___4명가족__^^,"강원도_원주_독채_렌트_에어비앤비_독채굿_!침대방4개_1인1방___4명가족__^^강원도원주2박3일휴가시작^^8/18~8/20.독채에어비앤비가족휴가왔습니다.근처농협하나로마트4분거리이고,모기많아서~모기기피제꼭뿌려야합니다.캠핑도할수있고~불멍도할수있고굿플래이스입니다..산모기가정말많아서발,팔등에바르는물파스랜덤으로ㅔㅔ#스탠리#커피#독채#휴가#오늘리뷰#에어비앤비#숙소#강원도#원주#여름휴가#별다방원두",,2,11,38,0
10,연세이음치과의원,2022. 8. 18. 19:03,https://blog.naver.com/ysieum/222851899549,발산역턱관절 더이상 미루지말아요,"발산역턱관절더이상미루지말아요안녕하세요.공감과소통을바탕으로믿음직한진료를약속드리는,연세이음치과의원입니다.오늘은턱관절의이상으로치료방법을알아보시는분들에게도움이되어드리기위해서이렇게인사를드립니다.턱관절이불편해지면음식물을씹거나말을하는등,여러가지움직임에제한이생기게되는데요.이렇게되면일상생활에도굉장히지장이생기기때문에턱관절장애에대한치료를서둘러서시작하셔야합니다.턱관절장애란?앞서말씀드린것처럼턱관절이아프고움직이기가불편할때,우리는턱관절장애를의심해볼수가있는데요.턱관절은하악과상악이서로맞물리는관절로서,저작기능을하거나말을할때움직임의축이돼주는중요한기관입니다.턱의관절이나근육,신경등하나라도이상이발생하면턱관절장애진단을받게되죠.턱관절장애의증상으로는?턱관절에서장애가발생하면턱을움직여주는주변근육이경직되면서여러가지증상이나타납니다.경직된턱관절주변의근육으로인해서턱을벌리면소리가나거나,통증이나타나게됩니다.이와같은증상외에도다양한증상이나타나는데요.아래턱이내려가며통증이더욱넓은부위로퍼지게됩니다.그래서턱관절장애가발생한초기단계와달리,앓는기간이오래될수록통증을더욱많은부위에서호소하게되는것이죠.턱관절장애의증상,두통과안면뷸균형까지?처음에는턱의통증으로시작되지만이러한증상은점점주변기관으로이어지게되고,편두통이나이명등여러가지증상이합병증으로발생하게됩니다.문제는여기서끝이아니라,목과어깨근육까지경직되며뻣뻣하게변할수있다는건데요.정말심한경우에는턱관절장애로인해서턱이돌아가고안면뷸균형같이치료하기어려운합병증으로이어질수도있습니다.그러니턱관절장애를그저턱이잠깐아프거나뻐근한정도의가벼운질환으로생각하지말아주세요여러분!턱관절장애를오래방치하다가우리의얼굴에도안좋은변화가생길수있습니다.그래서턱관절장애에대한치료법을알려드리기이전에예방법을소개해드리고싶은데요.가장좋은예방법은턱관절장애의원인을멀리하는것입니다.그렇다면,턱관절장애의원인으로는?첫번째,한쪽방면으로만식사를하는습관두번째,턱을괴는습관세번째,이를악무는습관네번째,질기거나딱딱한음식을자주섭취하는습관다섯번째,부정교합이있는경우여섯번째,상해및교통사고등외상으로인해충격을받는경우위와같은요인들이모두턱관절장애를불러오는원인이됩니다여러분,그러니안내드린습관이있다면서둘러서개선해주시고,부정교합이나외상이있다면치과에서제대로치료를받아서턱관절장애예방을해주시는것이좋겠죠?하지만,모든분들이이렇게턱관절장애를잘예방하고관리하시는건아니기때문에매년수많은환자분들이턱관절의통증과불편함으로저희연세이음치과의원을찾아주십니다.연세이음치과의원의턱관절치료법은?현재저희연세이음치과의원에서는스플린트교합장치를사용해서턱의통증이나기타증상이심해지는것을방지하고,꾸준하게치료하여턱관절장애의개선을도와드리고있습니다.뿐만아니라보톡스치료등다양한종류의치료법을통해턱관절장애의원인,단계에따른개인별맞춤치료를진행해드리고있습니다.그러니오늘안내드린턱관절장애의증상이지속적으로나타난다면서둘러서저희치과의턱관절장애클리닉을받아보시는건어떨까요?저희연세이음치과의원은다년간턱관절장애에대한집중클리닉을운영하며,수많은환자분들에게도움이되어드렸습니다.그리고항상대표원장님께서1:1책임진료를해드리기때문에정말걱정없이편안한마음으로내원을해주셔도됩니다.연세이음치과의원의대표원장님은?저희연세이음치과의원에서는상위4.6%의구강악안면외과전문의성태환대표원장님께서직접모든치료를진행중입니다.턱관절이나임플란트같이구강악안면외과전문의의손길이필요한과목일수록,더더욱연세이음치과의원같은치과를선택하시는것이좋습니다.저희연세이음치과의원에서는섀도우닥터에대한염려없이,대표원장님과의책임진료만약속을드리고있습니다.게다가네이버리뷰에서평점1위인치과로서,항상환자분들에게믿음을드리고있습니다.또한,턱관절장애외에도그어떤치료의경우에도증상이재발되지않도록오랜기간사후관리를함께해드리고있습니다.이뿐만이아니죠.저희연세이음치과의원은화곡역바로근처에위치중이라서오시는길도편하실겁니다여러분.그러니더이상미루지마시고연세이음치과의원과함께턱관절의건강을되찾아보시는게어떨까요?신속한상담예약을원하신다면하단의배너를참고해주세요.이상연세이음치과의원이었습니다.감사합니다.",건강한치아를위해지켜온바른철학연세이음치과의원YONSEIIEUMDENTALCLINIC02)2608-7528YONSEIIEUMDENTALCLINIC,,2,20,0
